Workbook

Sheet BMP2BITS_IN
A1: TRUE | B1: TRUE | C1: TRUE | D1: TRUE | E1: TRUE | F1: TRUE | G1: TRUE | H1: TRUE | I1: TRUE | J1: TRUE | K1: TRUE | L1: TRUE | M1: TRUE | N1: TRUE | O1: TRUE | P1: TRUE | Q1: TRUE | R1: TRUE | S1: TRUE | T1: TRUE | U1: TRUE | V1: TRUE | W1: TRUE | X1: TRUE | Y1: TRUE | Z1: TRUE | AA1: TRUE | AB1: TRUE | AC1: TRUE | AD1: TRUE | AE1: TRUE | AF1: TRUE | AG1: TRUE | AH1: TRUE | AI1: TRUE | AJ1: TRUE | AK1: TRUE | AL1: TRUE | AM1: TRUE | AN1: TRUE | AO1: TRUE | AP1: TRUE | AQ1: TRUE | AR1: TRUE | AS1: TRUE | AT1: TRUE | AU1: TRUE | AV1: TRUE | AW1: TRUE | AX1: TRUE | AY1: TRUE | AZ1: TRUE | BA1: TRUE | BB1: TRUE | BC1: TRUE | BD1: TRUE | BE1: TRUE | BF1: TRUE | BG1: TRUE | BH1: TRUE | BI1: TRUE | BJ1: TRUE | BK1: TRUE | BL1: TRUE
A2: TRUE | B2: TRUE | C2: TRUE | D2: TRUE | E2: TRUE | F2: TRUE | G2: TRUE | H2: TRUE | I2: TRUE | J2: TRUE | K2: TRUE | L2: TRUE | M2: TRUE | N2: TRUE | O2: FALSE | P2: FALSE | Q2: FALSE | R2: TRUE | S2: TRUE | T2: FALSE | U2: TRUE | V2: TRUE | W2: TRUE | X2: TRUE | Y2: TRUE | Z2: TRUE | AA2: TRUE | AB2: TRUE | AC2: TRUE | AD2: TRUE | AE2: TRUE | AF2: TRUE | AG2: TRUE | AH2: TRUE | AI2: TRUE | AJ2: TRUE | AK2: TRUE | AL2: TRUE | AM2: TRUE | AN2: TRUE | AO2: TRUE | AP2: TRUE | AQ2: TRUE | AR2: TRUE | AS2: FALSE | AT2: TRUE | AU2: TRUE | AV2: FALSE | AW2: FALSE | AX2: FALSE | AY2: TRUE | AZ2: TRUE | BA2: TRUE | BB2: TRUE | BC2: TRUE | BD2: TRUE | BE2: TRUE | BF2: TRUE | BG2: TRUE | BH2: TRUE | BI2: TRUE | BJ2: TRUE | BK2: TRUE | BL2: TRUE
A3: TRUE | B3: TRUE | C3: TRUE | D3: TRUE | E3: TRUE | F3: TRUE | G3: TRUE | H3: TRUE | I3: TRUE | J3: TRUE | K3: TRUE | L3: TRUE | M3: TRUE | N3: FALSE | O3: TRUE | P3: TRUE | Q3: TRUE | R3: FALSE | S3: TRUE | T3: FALSE | U3: TRUE | V3: TRUE | W3: TRUE | X3: TRUE | Y3: TRUE | Z3: TRUE | AA3: TRUE | AB3: TRUE | AC3: TRUE | AD3: TRUE | AE3: TRUE | AF3: TRUE | AG3: TRUE | AH3: TRUE | AI3: TRUE | AJ3: TRUE | AK3: TRUE | AL3: TRUE | AM3: TRUE | AN3: TRUE | AO3: TRUE | AP3: TRUE | AQ3: TRUE | AR3: TRUE | AS3: FALSE | AT3: TRUE | AU3: FALSE | AV3: TRUE | AW3: TRUE | AX3: TRUE | AY3: FALSE | AZ3: TRUE | BA3: TRUE | BB3: TRUE | BC3: TRUE | BD3: TRUE | BE3: TRUE | BF3: TRUE | BG3: TRUE | BH3: TRUE | BI3: TRUE | BJ3: TRUE | BK3: TRUE | BL3: TRUE
A4: TRUE | B4: TRUE | C4: TRUE | D4: TRUE | E4: TRUE | F4: TRUE | G4: TRUE | H4: TRUE | I4: TRUE | J4: TRUE | K4: TRUE | L4: TRUE | M4: TRUE | N4: FALSE | O4: TRUE | P4: TRUE | Q4: TRUE | R4: TRUE | S4: TRUE | T4: FALSE | U4: FALSE | V4: FALSE | W4: TRUE | X4: TRUE | Y4: TRUE | Z4: FALSE | AA4: FALSE | AB4: TRUE | AC4: TRUE | AD4: FALSE | AE4: FALSE | AF4: FALSE | AG4: TRUE | AH4: TRUE | AI4: FALSE | AJ4: FALSE | AK4: FALSE | AL4: TRUE | AM4: TRUE | AN4: TRUE | AO4: FALSE | AP4: FALSE | AQ4: TRUE | AR4: TRUE | AS4: FALSE | AT4: TRUE | AU4: TRUE | AV4: TRUE | AW4: TRUE | AX4: TRUE | AY4: FALSE | AZ4: TRUE | BA4: TRUE | BB4: TRUE | BC4: TRUE | BD4: TRUE | BE4: TRUE | BF4: TRUE | BG4: TRUE | BH4: TRUE | BI4: TRUE | BJ4: TRUE | BK4: TRUE | BL4: TRUE
A5: TRUE | B5: TRUE | C5: TRUE | D5: TRUE | E5: TRUE | F5: TRUE | G5: TRUE | H5: TRUE | I5: TRUE | J5: TRUE | K5: TRUE | L5: TRUE | M5: TRUE | N5: FALSE | O5: TRUE | P5: TRUE | Q5: TRUE | R5: TRUE | S5: TRUE | T5: FALSE | U5: TRUE | V5: TRUE | W5: FALSE | X5: TRUE | Y5: TRUE | Z5: TRUE | AA5: TRUE | AB5: FALSE | AC5: TRUE | AD5: FALSE | AE5: TRUE | AF5: TRUE | AG5: FALSE | AH5: TRUE | AI5: FALSE | AJ5: TRUE | AK5: TRUE | AL5: FALSE | AM5: TRUE | AN5: FALSE | AO5: TRUE | AP5: TRUE | AQ5: FALSE | AR5: TRUE | AS5: FALSE | AT5: TRUE | AU5: TRUE | AV5: TRUE | AW5: FALSE | AX5: FALSE | AY5: TRUE | AZ5: TRUE | BA5: TRUE | BB5: TRUE | BC5: TRUE | BD5: TRUE | BE5: TRUE | BF5: TRUE | BG5: TRUE | BH5: TRUE | BI5: TRUE | BJ5: TRUE | BK5: TRUE | BL5: TRUE
A6: TRUE | B6: TRUE | C6: TRUE | D6: TRUE | E6: TRUE | F6: TRUE | G6: TRUE | H6: TRUE | I6: TRUE | J6: TRUE | K6: TRUE | L6: TRUE | M6: TRUE | N6: FALSE | O6: TRUE | P6: TRUE | Q6: TRUE | R6: TRUE | S6: TRUE | T6: FALSE | U6: TRUE | V6: TRUE | W6: FALSE | X6: TRUE | Y6: TRUE | Z6: FALSE | AA6: FALSE | AB6: FALSE | AC6: TRUE | AD6: FALSE | AE6: TRUE | AF6: TRUE | AG6: FALSE | AH6: TRUE | AI6: FALSE | AJ6: TRUE | AK6: TRUE | AL6: FALSE | AM6: TRUE | AN6: FALSE | AO6: FALSE | AP6: FALSE | AQ6: FALSE | AR6: TRUE | AS6: FALSE | AT6: TRUE | AU6: TRUE | AV6: FALSE | AW6: TRUE | AX6: TRUE | AY6: TRUE | AZ6: TRUE | BA6: TRUE | BB6: TRUE | BC6: TRUE | BD6: TRUE | BE6: TRUE | BF6: TRUE | BG6: TRUE | BH6: TRUE | BI6: TRUE | BJ6: TRUE | BK6: TRUE | BL6: TRUE
A7: TRUE | B7: TRUE | C7: TRUE | D7: TRUE | E7: TRUE | F7: TRUE | G7: TRUE | H7: TRUE | I7: TRUE | J7: TRUE | K7: TRUE | L7: TRUE | M7: TRUE | N7: FALSE | O7: TRUE | P7: TRUE | Q7: TRUE | R7: FALSE | S7: TRUE | T7: FALSE | U7: TRUE | V7: TRUE | W7: FALSE | X7: TRUE | Y7: FALSE | Z7: TRUE | AA7: TRUE | AB7: FALSE | AC7: TRUE | AD7: FALSE | AE7: TRUE | AF7: TRUE | AG7: FALSE | AH7: TRUE | AI7: FALSE | AJ7: TRUE | AK7: TRUE | AL7: FALSE | AM7: TRUE | AN7: FALSE | AO7: TRUE | AP7: TRUE | AQ7: TRUE | AR7: TRUE | AS7: FALSE | AT7: TRUE | AU7: FALSE | AV7: TRUE | AW7: TRUE | AX7: TRUE | AY7: TRUE | AZ7: TRUE | BA7: TRUE | BB7: TRUE | BC7: TRUE | BD7: TRUE | BE7: TRUE | BF7: TRUE | BG7: TRUE | BH7: TRUE | BI7: TRUE | BJ7: TRUE | BK7: TRUE | BL7: TRUE
A8: TRUE | B8: TRUE | C8: TRUE | D8: TRUE | E8: TRUE | F8: TRUE | G8: TRUE | H8: TRUE | I8: TRUE | J8: TRUE | K8: TRUE | L8: TRUE | M8: TRUE | N8: TRUE | O8: FALSE | P8: FALSE | Q8: FALSE | R8: TRUE | S8: TRUE | T8: FALSE | U8: TRUE | V8: TRUE | W8: FALSE | X8: TRUE | Y8: TRUE | Z8: FALSE | AA8: FALSE | AB8: FALSE | AC8: TRUE | AD8: FALSE | AE8: TRUE | AF8: TRUE | AG8: FALSE | AH8: TRUE | AI8: FALSE | AJ8: TRUE | AK8: TRUE | AL8: FALSE | AM8: TRUE | AN8: TRUE | AO8: FALSE | AP8: FALSE | AQ8: TRUE | AR8: TRUE | AS8: FALSE | AT8: TRUE | AU8: FALSE | AV8: FALSE | AW8: FALSE | AX8: FALSE | AY8: FALSE | AZ8: TRUE | BA8: TRUE | BB8: TRUE | BC8: TRUE | BD8: TRUE | BE8: TRUE | BF8: TRUE | BG8: TRUE | BH8: TRUE | BI8: TRUE | BJ8: TRUE | BK8: TRUE | BL8: TRUE
A9: TRUE | B9: TRUE | C9: TRUE | D9: TRUE | E9: TRUE | F9: TRUE | G9: TRUE | H9: TRUE | I9: TRUE | J9: TRUE | K9: TRUE | L9: TRUE | M9: TRUE | N9: TRUE | O9: TRUE | P9: TRUE | Q9: TRUE | R9: TRUE | S9: TRUE | T9: TRUE | U9: TRUE | V9: TRUE | W9: TRUE | X9: TRUE | Y9: TRUE | Z9: TRUE | AA9: TRUE | AB9: TRUE | AC9: TRUE | AD9: TRUE | AE9: TRUE | AF9: TRUE | AG9: TRUE | AH9: TRUE | AI9: TRUE | AJ9: TRUE | AK9: TRUE | AL9: TRUE | AM9: TRUE | AN9: TRUE | AO9: TRUE | AP9: TRUE | AQ9: TRUE | AR9: TRUE | AS9: TRUE | AT9: TRUE | AU9: TRUE | AV9: TRUE | AW9: TRUE | AX9: TRUE | AY9: TRUE | AZ9: TRUE | BA9: TRUE | BB9: TRUE | BC9: TRUE | BD9: TRUE | BE9: TRUE | BF9: TRUE | BG9: TRUE | BH9: TRUE | BI9: TRUE | BJ9: TRUE | BK9: TRUE | BL9: TRUE
A10: TRUE | B10: TRUE | C10: TRUE | D10: TRUE | E10: TRUE | F10: TRUE | G10: TRUE | H10: TRUE | I10: TRUE | J10: TRUE | K10: TRUE | L10: TRUE | M10: TRUE | N10: TRUE | O10: TRUE | P10: TRUE | Q10: TRUE | R10: TRUE | S10: TRUE | T10: TRUE | U10: TRUE | V10: TRUE | W10: TRUE | X10: TRUE | Y10: TRUE | Z10: TRUE | AA10: TRUE | AB10: TRUE | AC10: TRUE | AD10: TRUE | AE10: TRUE | AF10: TRUE | AG10: TRUE | AH10: TRUE | AI10: TRUE | AJ10: TRUE | AK10: TRUE | AL10: TRUE | AM10: TRUE | AN10: TRUE | AO10: TRUE | AP10: TRUE | AQ10: TRUE | AR10: TRUE | AS10: TRUE | AT10: TRUE | AU10: TRUE | AV10: TRUE | AW10: TRUE | AX10: TRUE | AY10: TRUE | AZ10: TRUE | BA10: TRUE | BB10: TRUE | BC10: TRUE | BD10: TRUE | BE10: TRUE | BF10: TRUE | BG10: TRUE | BH10: TRUE | BI10: TRUE | BJ10: TRUE | BK10: TRUE | BL10: TRUE
A11: TRUE | B11: TRUE | C11: TRUE | D11: TRUE | E11: TRUE | F11: TRUE | G11: TRUE | H11: TRUE | I11: TRUE | J11: TRUE | K11: TRUE | L11: TRUE | M11: TRUE | N11: TRUE | O11: TRUE | P11: TRUE | Q11: TRUE | R11: TRUE | S11: TRUE | T11: TRUE | U11: TRUE | V11: TRUE | W11: TRUE | X11: TRUE | Y11: TRUE | Z11: TRUE | AA11: TRUE | AB11: TRUE | AC11: TRUE | AD11: TRUE | AE11: TRUE | AF11: TRUE | AG11: TRUE | AH11: TRUE | AI11: TRUE | AJ11: TRUE | AK11: TRUE | AL11: TRUE | AM11: TRUE | AN11: TRUE | AO11: TRUE | AP11: TRUE | AQ11: TRUE | AR11: TRUE | AS11: TRUE | AT11: TRUE | AU11: TRUE | AV11: TRUE | AW11: TRUE | AX11: TRUE | AY11: TRUE | AZ11: TRUE | BA11: TRUE | BB11: TRUE | BC11: TRUE | BD11: TRUE | BE11: TRUE | BF11: TRUE | BG11: TRUE | BH11: TRUE | BI11: TRUE | BJ11: TRUE | BK11: TRUE | BL11: TRUE
A12: TRUE | B12: TRUE | C12: TRUE | D12: TRUE | E12: TRUE | F12: TRUE | G12: TRUE | H12: TRUE | I12: TRUE | J12: TRUE | K12: TRUE | L12: TRUE | M12: TRUE | N12: TRUE | O12: TRUE | P12: TRUE | Q12: TRUE | R12: TRUE | S12: TRUE | T12: TRUE | U12: TRUE | V12: TRUE | W12: TRUE | X12: TRUE | Y12: TRUE | Z12: TRUE | AA12: TRUE | AB12: TRUE | AC12: TRUE | AD12: TRUE | AE12: TRUE | AF12: TRUE | AG12: TRUE | AH12: TRUE | AI12: TRUE | AJ12: TRUE | AK12: TRUE | AL12: TRUE | AM12: TRUE | AN12: TRUE | AO12: TRUE | AP12: TRUE | AQ12: TRUE | AR12: TRUE | AS12: TRUE | AT12: TRUE | AU12: TRUE | AV12: TRUE | AW12: TRUE | AX12: TRUE | AY12: TRUE | AZ12: TRUE | BA12: TRUE | BB12: TRUE | BC12: TRUE | BD12: TRUE | BE12: TRUE | BF12: TRUE | BG12: TRUE | BH12: TRUE | BI12: TRUE | BJ12: TRUE | BK12: TRUE | BL12: TRUE
... A48: TRUE | B48: TRUE | C48: TRUE | D48: TRUE | E48: TRUE | F48: TRUE | G48: TRUE | H48: TRUE | I48: TRUE | J48: TRUE | K48: TRUE | L48: TRUE | M48: TRUE | N48: TRUE | O48: TRUE | P48: TRUE | Q48: TRUE | R48: TRUE | S48: TRUE | T48: TRUE | U48: TRUE | V48: TRUE | W48: TRUE | X48: TRUE | Y48: TRUE | Z48: TRUE | AA48: TRUE | AB48: TRUE | AC48: TRUE | AD48: TRUE | AE48: TRUE | AF48: TRUE | AG48: TRUE | AH48: TRUE | AI48: TRUE | AJ48: TRUE | AK48: TRUE | AL48: TRUE | AM48: TRUE | AN48: TRUE | AO48: TRUE | AP48: TRUE | AQ48: TRUE | AR48: TRUE | AS48: TRUE | AT48: TRUE | AU48: TRUE | AV48: TRUE | AW48: TRUE | AX48: TRUE | AY48: TRUE | AZ48: TRUE | BA48: TRUE | BB48: TRUE | BC48: TRUE | BD48: FALSE | BE48: FALSE | BF48: FALSE | BG48: FALSE | BH48: FALSE | BI48: FALSE | BJ48: FALSE | BK48: FALSE | BL48: TRUE

Sheet RenderedBMP
A1: =IF(BMP2BITS_IN!A1 = TRUE, 8, " ") -> 8 | B1: =IF(BMP2BITS_IN!B1 = TRUE, 8, " ") -> 8 | C1: =IF(BMP2BITS_IN!C1 = TRUE, 8, " ") -> 8 | D1: =IF(BMP2BITS_IN!D1 = TRUE, 8, " ") -> 8 | E1: =IF(BMP2BITS_IN!E1 = TRUE, 8, " ") -> 8 | F1: =IF(BMP2BITS_IN!F1 = TRUE, 8, " ") -> 8 | G1: =IF(BMP2BITS_IN!G1 = TRUE, 8, " ") -> 8 | H1: =IF(BMP2BITS_IN!H1 = TRUE, 8, " ") -> 8 | ... BL1: =IF(BMP2BITS_IN!BL1 = TRUE, 8, " ") -> 8
A2: =IF(BMP2BITS_IN!A2 = TRUE, 8, " ") -> 8 | B2: =IF(BMP2BITS_IN!B2 = TRUE, 8, " ") -> 8 | C2: =IF(BMP2BITS_IN!C2 = TRUE, 8, " ") -> 8 | D2: =IF(BMP2BITS_IN!D2 = TRUE, 8, " ") -> 8 | E2: =IF(BMP2BITS_IN!E2 = TRUE, 8, " ") -> 8 | F2: =IF(BMP2BITS_IN!F2 = TRUE, 8, " ") -> 8 | G2: =IF(BMP2BITS_IN!G2 = TRUE, 8, " ") -> 8 | H2: =IF(BMP2BITS_IN!H2 = TRUE, 8, " ") -> 8 | ... BL2: =IF(BMP2BITS_IN!BL2 = TRUE, 8, " ") -> 8
A3: =IF(BMP2BITS_IN!A3 = TRUE, 8, " ") -> 8 | B3: =IF(BMP2BITS_IN!B3 = TRUE, 8, " ") -> 8 | C3: =IF(BMP2BITS_IN!C3 = TRUE, 8, " ") -> 8 | D3: =IF(BMP2BITS_IN!D3 = TRUE, 8, " ") -> 8 | E3: =IF(BMP2BITS_IN!E3 = TRUE, 8, " ") -> 8 | F3: =IF(BMP2BITS_IN!F3 = TRUE, 8, " ") -> 8 | G3: =IF(BMP2BITS_IN!G3 = TRUE, 8, " ") -> 8 | H3: =IF(BMP2BITS_IN!H3 = TRUE, 8, " ") -> 8 | ... BL3: =IF(BMP2BITS_IN!BL3 = TRUE, 8, " ") -> 8
A4: =IF(BMP2BITS_IN!A4 = TRUE, 8, " ") -> 8 | B4: =IF(BMP2BITS_IN!B4 = TRUE, 8, " ") -> 8 | C4: =IF(BMP2BITS_IN!C4 = TRUE, 8, " ") -> 8 | D4: =IF(BMP2BITS_IN!D4 = TRUE, 8, " ") -> 8 | E4: =IF(BMP2BITS_IN!E4 = TRUE, 8, " ") -> 8 | F4: =IF(BMP2BITS_IN!F4 = TRUE, 8, " ") -> 8 | G4: =IF(BMP2BITS_IN!G4 = TRUE, 8, " ") -> 8 | H4: =IF(BMP2BITS_IN!H4 = TRUE, 8, " ") -> 8 | ... BL4: =IF(BMP2BITS_IN!BL4 = TRUE, 8, " ") -> 8
A5: =IF(BMP2BITS_IN!A5 = TRUE, 8, " ") -> 8 | B5: =IF(BMP2BITS_IN!B5 = TRUE, 8, " ") -> 8 | C5: =IF(BMP2BITS_IN!C5 = TRUE, 8, " ") -> 8 | D5: =IF(BMP2BITS_IN!D5 = TRUE, 8, " ") -> 8 | E5: =IF(BMP2BITS_IN!E5 = TRUE, 8, " ") -> 8 | F5: =IF(BMP2BITS_IN!F5 = TRUE, 8, " ") -> 8 | G5: =IF(BMP2BITS_IN!G5 = TRUE, 8, " ") -> 8 | H5: =IF(BMP2BITS_IN!H5 = TRUE, 8, " ") -> 8 | ... BL5: =IF(BMP2BITS_IN!BL5 = TRUE, 8, " ") -> 8
A6: =IF(BMP2BITS_IN!A6 = TRUE, 8, " ") -> 8 | B6: =IF(BMP2BITS_IN!B6 = TRUE, 8, " ") -> 8 | C6: =IF(BMP2BITS_IN!C6 = TRUE, 8, " ") -> 8 | D6: =IF(BMP2BITS_IN!D6 = TRUE, 8, " ") -> 8 | E6: =IF(BMP2BITS_IN!E6 = TRUE, 8, " ") -> 8 | F6: =IF(BMP2BITS_IN!F6 = TRUE, 8, " ") -> 8 | G6: =IF(BMP2BITS_IN!G6 = TRUE, 8, " ") -> 8 | H6: =IF(BMP2BITS_IN!H6 = TRUE, 8, " ") -> 8 | ... BL6: =IF(BMP2BITS_IN!BL6 = TRUE, 8, " ") -> 8
A7: =IF(BMP2BITS_IN!A7 = TRUE, 8, " ") -> 8 | B7: =IF(BMP2BITS_IN!B7 = TRUE, 8, " ") -> 8 | C7: =IF(BMP2BITS_IN!C7 = TRUE, 8, " ") -> 8 | D7: =IF(BMP2BITS_IN!D7 = TRUE, 8, " ") -> 8 | E7: =IF(BMP2BITS_IN!E7 = TRUE, 8, " ") -> 8 | F7: =IF(BMP2BITS_IN!F7 = TRUE, 8, " ") -> 8 | G7: =IF(BMP2BITS_IN!G7 = TRUE, 8, " ") -> 8 | H7: =IF(BMP2BITS_IN!H7 = TRUE, 8, " ") -> 8 | ... BL7: =IF(BMP2BITS_IN!BL7 = TRUE, 8, " ") -> 8
A8: =IF(BMP2BITS_IN!A8 = TRUE, 8, " ") -> 8 | B8: =IF(BMP2BITS_IN!B8 = TRUE, 8, " ") -> 8 | C8: =IF(BMP2BITS_IN!C8 = TRUE, 8, " ") -> 8 | D8: =IF(BMP2BITS_IN!D8 = TRUE, 8, " ") -> 8 | E8: =IF(BMP2BITS_IN!E8 = TRUE, 8, " ") -> 8 | F8: =IF(BMP2BITS_IN!F8 = TRUE, 8, " ") -> 8 | G8: =IF(BMP2BITS_IN!G8 = TRUE, 8, " ") -> 8 | H8: =IF(BMP2BITS_IN!H8 = TRUE, 8, " ") -> 8 | ... BL8: =IF(BMP2BITS_IN!BL8 = TRUE, 8, " ") -> 8
A9: =IF(BMP2BITS_IN!A9 = TRUE, 8, " ") -> 8 | B9: =IF(BMP2BITS_IN!B9 = TRUE, 8, " ") -> 8 | C9: =IF(BMP2BITS_IN!C9 = TRUE, 8, " ") -> 8 | D9: =IF(BMP2BITS_IN!D9 = TRUE, 8, " ") -> 8 | E9: =IF(BMP2BITS_IN!E9 = TRUE, 8, " ") -> 8 | F9: =IF(BMP2BITS_IN!F9 = TRUE, 8, " ") -> 8 | G9: =IF(BMP2BITS_IN!G9 = TRUE, 8, " ") -> 8 | H9: =IF(BMP2BITS_IN!H9 = TRUE, 8, " ") -> 8 | ... BL9: =IF(BMP2BITS_IN!BL9 = TRUE, 8, " ") -> 8
A10: =IF(BMP2BITS_IN!A10 = TRUE, 8, " ") -> 8 | B10: =IF(BMP2BITS_IN!B10 = TRUE, 8, " ") -> 8 | C10: =IF(BMP2BITS_IN!C10 = TRUE, 8, " ") -> 8 | D10: =IF(BMP2BITS_IN!D10 = TRUE, 8, " ") -> 8 | E10: =IF(BMP2BITS_IN!E10 = TRUE, 8, " ") -> 8 | F10: =IF(BMP2BITS_IN!F10 = TRUE, 8, " ") -> 8 | G10: =IF(BMP2BITS_IN!G10 = TRUE, 8, " ") -> 8 | H10: =IF(BMP2BITS_IN!H10 = TRUE, 8, " ") -> 8 | ... BL10: =IF(BMP2BITS_IN!BL10 = TRUE, 8, " ") -> 8
A11: =IF(BMP2BITS_IN!A11 = TRUE, 8, " ") -> 8 | B11: =IF(BMP2BITS_IN!B11 = TRUE, 8, " ") -> 8 | C11: =IF(BMP2BITS_IN!C11 = TRUE, 8, " ") -> 8 | D11: =IF(BMP2BITS_IN!D11 = TRUE, 8, " ") -> 8 | E11: =IF(BMP2BITS_IN!E11 = TRUE, 8, " ") -> 8 | F11: =IF(BMP2BITS_IN!F11 = TRUE, 8, " ") -> 8 | G11: =IF(BMP2BITS_IN!G11 = TRUE, 8, " ") -> 8 | H11: =IF(BMP2BITS_IN!H11 = TRUE, 8, " ") -> 8 | ... BL11: =IF(BMP2BITS_IN!BL11 = TRUE, 8, " ") -> 8
A12: =IF(BMP2BITS_IN!A12 = TRUE, 8, " ") -> 8 | B12: =IF(BMP2BITS_IN!B12 = TRUE, 8, " ") -> 8 | C12: =IF(BMP2BITS_IN!C12 = TRUE, 8, " ") -> 8 | D12: =IF(BMP2BITS_IN!D12 = TRUE, 8, " ") -> 8 | E12: =IF(BMP2BITS_IN!E12 = TRUE, 8, " ") -> 8 | F12: =IF(BMP2BITS_IN!F12 = TRUE, 8, " ") -> 8 | G12: =IF(BMP2BITS_IN!G12 = TRUE, 8, " ") -> 8 | H12: =IF(BMP2BITS_IN!H12 = TRUE, 8, " ") -> 8 | ... BL12: =IF(BMP2BITS_IN!BL12 = TRUE, 8, " ") -> 8
... A48: =IF(BMP2BITS_IN!A48 = TRUE, 8, " ") -> 8 | B48: =IF(BMP2BITS_IN!B48 = TRUE, 8, " ") -> 8 | C48: =IF(BMP2BITS_IN!C48 = TRUE, 8, " ") -> 8 | D48: =IF(BMP2BITS_IN!D48 = TRUE, 8, " ") -> 8 | E48: =IF(BMP2BITS_IN!E48 = TRUE, 8, " ") -> 8 | F48: =IF(BMP2BITS_IN!F48 = TRUE, 8, " ") -> 8 | G48: =IF(BMP2BITS_IN!G48 = TRUE, 8, " ") -> 8 | H48: =IF(BMP2BITS_IN!H48 = TRUE, 8, " ") -> 8 | ... BL48: =IF(BMP2BITS_IN!BL48 = TRUE, 8, " ") -> 8

Sheet VALUES_OUT
A1: =CONCATENATE("0x",(DEC2HEX(IF(BMP2BITS_IN!A1=TRUE,1,0)+IF(BMP2BITS_IN!A2=TRUE,2,0)+IF(BMP2BITS_IN!A3=TRUE,4,0)+IF(BMP2BITS_IN!A4=TRUE,8,0)+IF(BMP2BITS_IN!A5=TRUE,16,0)+IF(BMP2BITS_IN!A6=TRUE,32,0)+IF(BMP2BITS_IN!A7=TRUE,64,0)+IF(BMP2BITS_IN!A8=TRUE,128,0))), ",") -> 0xFF, | B1: =CONCATENATE("0x",(DEC2HEX(IF(BMP2BITS_IN!B1=TRUE,1,0)+IF(BMP2BITS_IN!B2=TRUE,2,0)+IF(BMP2BITS_IN!B3=TRUE,4,0)+IF(BMP2BITS_IN!B4=TRUE,8,0)+IF(BMP2BITS_IN!B5=TRUE,16,0)+IF(BMP2BITS_IN!B6=TRUE,32,0)+IF(BMP2BITS_IN!B7=TRUE,64,0)+IF(BMP2BITS_IN!B8=TRUE,128,0))), ",") -> 0xFF, | C1: =CONCATENATE("0x",(DEC2HEX(IF(BMP2BITS_IN!C1=TRUE,1,0)+IF(BMP2BITS_IN!C2=TRUE,2,0)+IF(BMP2BITS_IN!C3=TRUE,4,0)+IF(BMP2BITS_IN!C4=TRUE,8,0)+IF(BMP2BITS_IN!C5=TRUE,16,0)+IF(BMP2BITS_IN!C6=TRUE,32,0)+IF(BMP2BITS_IN!C7=TRUE,64,0)+IF(BMP2BITS_IN!C8=TRUE,128,0))), ",") -> 0xFF, | D1: =CONCATENATE("0x",(DEC2HEX(IF(BMP2BITS_IN!D1=TRUE,1,0)+IF(BMP2BITS_IN!D2=TRUE,2,0)+IF(BMP2BITS_IN!D3=TRUE,4,0)+IF(BMP2BITS_IN!D4=TRUE,8,0)+IF(BMP2BITS_IN!D5=TRUE,16,0)+IF(BMP2BITS_IN!D6=TRUE,32,0)+IF(BMP2BITS_IN!D7=TRUE,64,0)+IF(BMP2BITS_IN!D8=TRUE,128,0))), ",") -> 0xFF, | E1: =CONCATENATE("0x",(DEC2HEX(IF(BMP2BITS_IN!E1=TRUE,1,0)+IF(BMP2BITS_IN!E2=TRUE,2,0)+IF(BMP2BITS_IN!E3=TRUE,4,0)+IF(BMP2BITS_IN!E4=TRUE,8,0)+IF(BMP2BITS_IN!E5=TRUE,16,0)+IF(BMP2BITS_IN!E6=TRUE,32,0)+IF(BMP2BITS_IN!E7=TRUE,64,0)+IF(BMP2BITS_IN!E8=TRUE,128,0))), ",") -> 0xFF, | F1: =CONCATENATE("0x",(DEC2HEX(IF(BMP2BITS_IN!F1=TRUE,1,0)+IF(BMP2BITS_IN!F2=TRUE,2,0)+IF(BMP2BITS_IN!F3=TRUE,4,0)+IF(BMP2BITS_IN!F4=TRUE,8,0)+IF(BMP2BITS_IN!F5=TRUE,16,0)+IF(BMP2BITS_IN!F6=TRUE,32,0)+IF(BMP2BITS_IN!F7=TRUE,64,0)+IF(BMP2BITS_IN!F8=TRUE,128,0))), ",") -> 0xFF, | G1: =CONCATENATE("0x",(DEC2HEX(IF(BMP2BITS_IN!G1=TRUE,1,0)+IF(BMP2BITS_IN!G2=TRUE,2,0)+IF(BMP2BITS_IN!G3=TRUE,4,0)+IF(BMP2BITS_IN!G4=TRUE,8,0)+IF(BMP2BITS_IN!G5=TRUE,16,0)+IF(BMP2BITS_IN!G6=TRUE,32,0)+IF(BMP2BITS_IN!G7=TRUE,64,0)+IF(BMP2BITS_IN!G8=TRUE,128,0))), ",") -> 0xFF, | H1: =CONCATENATE("0x",(DEC2HEX(IF(BMP2BITS_IN!H1=TRUE,1,0)+IF(BMP2BITS_IN!H2=TRUE,2,0)+IF(BMP2BITS_IN!H3=TRUE,4,0)+IF(BMP2BITS_IN!H4=TRUE,8,0)+IF(BMP2BITS_IN!H5=TRUE,16,0)+IF(BMP2BITS_IN!H6=TRUE,32,0)+IF(BMP2BITS_IN!H7=TRUE,64,0)+IF(BMP2BITS_IN!H8=TRUE,128,0))), ",") -> 0xFF, | ... BL1: =CONCATENATE("0x",(DEC2HEX(IF(BMP2BITS_IN!BL1=TRUE,1,0)+IF(BMP2BITS_IN!BL2=TRUE,2,0)+IF(BMP2BITS_IN!BL3=TRUE,4,0)+IF(BMP2BITS_IN!BL4=TRUE,8,0)+IF(BMP2BITS_IN!BL5=TRUE,16,0)+IF(BMP2BITS_IN!BL6=TRUE,32,0)+IF(BMP2BITS_IN!BL7=TRUE,64,0)+IF(BMP2BITS_IN!BL8=TRUE,128,0))), ",") -> 0xFF,
A2: =CONCATENATE("0x",(DEC2HEX(IF(BMP2BITS_IN!A9=TRUE,1,0)+IF(BMP2BITS_IN!A10=TRUE,2,0)+IF(BMP2BITS_IN!A11=TRUE,4,0)+IF(BMP2BITS_IN!A12=TRUE,8,0)+IF(BMP2BITS_IN!A13=TRUE,16,0)+IF(BMP2BITS_IN!A14=TRUE,32,0)+IF(BMP2BITS_IN!A15=TRUE,64,0)+IF(BMP2BITS_IN!A16=TRUE,128,0))), ",") -> 0xFF, | B2: =CONCATENATE("0x",(DEC2HEX(IF(BMP2BITS_IN!B9=TRUE,1,0)+IF(BMP2BITS_IN!B10=TRUE,2,0)+IF(BMP2BITS_IN!B11=TRUE,4,0)+IF(BMP2BITS_IN!B12=TRUE,8,0)+IF(BMP2BITS_IN!B13=TRUE,16,0)+IF(BMP2BITS_IN!B14=TRUE,32,0)+IF(BMP2BITS_IN!B15=TRUE,64,0)+IF(BMP2BITS_IN!B16=TRUE,128,0))), ",") -> 0xFF, | C2: =CONCATENATE("0x",(DEC2HEX(IF(BMP2BITS_IN!C9=TRUE,1,0)+IF(BMP2BITS_IN!C10=TRUE,2,0)+IF(BMP2BITS_IN!C11=TRUE,4,0)+IF(BMP2BITS_IN!C12=TRUE,8,0)+IF(BMP2BITS_IN!C13=TRUE,16,0)+IF(BMP2BITS_IN!C14=TRUE,32,0)+IF(BMP2BITS_IN!C15=TRUE,64,0)+IF(BMP2BITS_IN!C16=TRUE,128,0))), ",") -> 0xFF, | D2: =CONCATENATE("0x",(DEC2HEX(IF(BMP2BITS_IN!D9=TRUE,1,0)+IF(BMP2BITS_IN!D10=TRUE,2,0)+IF(BMP2BITS_IN!D11=TRUE,4,0)+IF(BMP2BITS_IN!D12=TRUE,8,0)+IF(BMP2BITS_IN!D13=TRUE,16,0)+IF(BMP2BITS_IN!D14=TRUE,32,0)+IF(BMP2BITS_IN!D15=TRUE,64,0)+IF(BMP2BITS_IN!D16=TRUE,128,0))), ",") -> 0xFF, | E2: =CONCATENATE("0x",(DEC2HEX(IF(BMP2BITS_IN!E9=TRUE,1,0)+IF(BMP2BITS_IN!E10=TRUE,2,0)+IF(BMP2BITS_IN!E11=TRUE,4,0)+IF(BMP2BITS_IN!E12=TRUE,8,0)+IF(BMP2BITS_IN!E13=TRUE,16,0)+IF(BMP2BITS_IN!E14=TRUE,32,0)+IF(BMP2BITS_IN!E15=TRUE,64,0)+IF(BMP2BITS_IN!E16=TRUE,128,0))), ",") -> 0xFF, | F2: =CONCATENATE("0x",(DEC2HEX(IF(BMP2BITS_IN!F9=TRUE,1,0)+IF(BMP2BITS_IN!F10=TRUE,2,0)+IF(BMP2BITS_IN!F11=TRUE,4,0)+IF(BMP2BITS_IN!F12=TRUE,8,0)+IF(BMP2BITS_IN!F13=TRUE,16,0)+IF(BMP2BITS_IN!F14=TRUE,32,0)+IF(BMP2BITS_IN!F15=TRUE,64,0)+IF(BMP2BITS_IN!F16=TRUE,128,0))), ",") -> 0xFF, | G2: =CONCATENATE("0x",(DEC2HEX(IF(BMP2BITS_IN!G9=TRUE,1,0)+IF(BMP2BITS_IN!G10=TRUE,2,0)+IF(BMP2BITS_IN!G11=TRUE,4,0)+IF(BMP2BITS_IN!G12=TRUE,8,0)+IF(BMP2BITS_IN!G13=TRUE,16,0)+IF(BMP2BITS_IN!G14=TRUE,32,0)+IF(BMP2BITS_IN!G15=TRUE,64,0)+IF(BMP2BITS_IN!G16=TRUE,128,0))), ",") -> 0xFF, | H2: =CONCATENATE("0x",(DEC2HEX(IF(BMP2BITS_IN!H9=TRUE,1,0)+IF(BMP2BITS_IN!H10=TRUE,2,0)+IF(BMP2BITS_IN!H11=TRUE,4,0)+IF(BMP2BITS_IN!H12=TRUE,8,0)+IF(BMP2BITS_IN!H13=TRUE,16,0)+IF(BMP2BITS_IN!H14=TRUE,32,0)+IF(BMP2BITS_IN!H15=TRUE,64,0)+IF(BMP2BITS_IN!H16=TRUE,128,0))), ",") -> 0xFF, | ... BL2: =CONCATENATE("0x",(DEC2HEX(IF(BMP2BITS_IN!BL9=TRUE,1,0)+IF(BMP2BITS_IN!BL10=TRUE,2,0)+IF(BMP2BITS_IN!BL11=TRUE,4,0)+IF(BMP2BITS_IN!BL12=TRUE,8,0)+IF(BMP2BITS_IN!BL13=TRUE,16,0)+IF(BMP2BITS_IN!BL14=TRUE,32,0)+IF(BMP2BITS_IN!BL15=TRUE,64,0)+IF(BMP2BITS_IN!BL16=TRUE,128,0))), ",") -> 0xFF,
A3: =CONCATENATE("0x",(DEC2HEX(IF(BMP2BITS_IN!A17=TRUE,1,0)+IF(BMP2BITS_IN!A18=TRUE,2,0)+IF(BMP2BITS_IN!A19=TRUE,4,0)+IF(BMP2BITS_IN!A20=TRUE,8,0)+IF(BMP2BITS_IN!A21=TRUE,16,0)+IF(BMP2BITS_IN!A22=TRUE,32,0)+IF(BMP2BITS_IN!A23=TRUE,64,0)+IF(BMP2BITS_IN!A24=TRUE,128,0))), ",") -> 0xFF, | B3: =CONCATENATE("0x",(DEC2HEX(IF(BMP2BITS_IN!B17=TRUE,1,0)+IF(BMP2BITS_IN!B18=TRUE,2,0)+IF(BMP2BITS_IN!B19=TRUE,4,0)+IF(BMP2BITS_IN!B20=TRUE,8,0)+IF(BMP2BITS_IN!B21=TRUE,16,0)+IF(BMP2BITS_IN!B22=TRUE,32,0)+IF(BMP2BITS_IN!B23=TRUE,64,0)+IF(BMP2BITS_IN!B24=TRUE,128,0))), ",") -> 0xFF, | C3: =CONCATENATE("0x",(DEC2HEX(IF(BMP2BITS_IN!C17=TRUE,1,0)+IF(BMP2BITS_IN!C18=TRUE,2,0)+IF(BMP2BITS_IN!C19=TRUE,4,0)+IF(BMP2BITS_IN!C20=TRUE,8,0)+IF(BMP2BITS_IN!C21=TRUE,16,0)+IF(BMP2BITS_IN!C22=TRUE,32,0)+IF(BMP2BITS_IN!C23=TRUE,64,0)+IF(BMP2BITS_IN!C24=TRUE,128,0))), ",") -> 0xFF, | D3: =CONCATENATE("0x",(DEC2HEX(IF(BMP2BITS_IN!D17=TRUE,1,0)+IF(BMP2BITS_IN!D18=TRUE,2,0)+IF(BMP2BITS_IN!D19=TRUE,4,0)+IF(BMP2BITS_IN!D20=TRUE,8,0)+IF(BMP2BITS_IN!D21=TRUE,16,0)+IF(BMP2BITS_IN!D22=TRUE,32,0)+IF(BMP2BITS_IN!D23=TRUE,64,0)+IF(BMP2BITS_IN!D24=TRUE,128,0))), ",") -> 0xFF, | E3: =CONCATENATE("0x",(DEC2HEX(IF(BMP2BITS_IN!E17=TRUE,1,0)+IF(BMP2BITS_IN!E18=TRUE,2,0)+IF(BMP2BITS_IN!E19=TRUE,4,0)+IF(BMP2BITS_IN!E20=TRUE,8,0)+IF(BMP2BITS_IN!E21=TRUE,16,0)+IF(BMP2BITS_IN!E22=TRUE,32,0)+IF(BMP2BITS_IN!E23=TRUE,64,0)+IF(BMP2BITS_IN!E24=TRUE,128,0))), ",") -> 0xFF, | F3: =CONCATENATE("0x",(DEC2HEX(IF(BMP2BITS_IN!F17=TRUE,1,0)+IF(BMP2BITS_IN!F18=TRUE,2,0)+IF(BMP2BITS_IN!F19=TRUE,4,0)+IF(BMP2BITS_IN!F20=TRUE,8,0)+IF(BMP2BITS_IN!F21=TRUE,16,0)+IF(BMP2BITS_IN!F22=TRUE,32,0)+IF(BMP2BITS_IN!F23=TRUE,64,0)+IF(BMP2BITS_IN!F24=TRUE,128,0))), ",") -> 0xFF, | G3: =CONCATENATE("0x",(DEC2HEX(IF(BMP2BITS_IN!G17=TRUE,1,0)+IF(BMP2BITS_IN!G18=TRUE,2,0)+IF(BMP2BITS_IN!G19=TRUE,4,0)+IF(BMP2BITS_IN!G20=TRUE,8,0)+IF(BMP2BITS_IN!G21=TRUE,16,0)+IF(BMP2BITS_IN!G22=TRUE,32,0)+IF(BMP2BITS_IN!G23=TRUE,64,0)+IF(BMP2BITS_IN!G24=TRUE,128,0))), ",") -> 0xFF, | H3: =CONCATENATE("0x",(DEC2HEX(IF(BMP2BITS_IN!H17=TRUE,1,0)+IF(BMP2BITS_IN!H18=TRUE,2,0)+IF(BMP2BITS_IN!H19=TRUE,4,0)+IF(BMP2BITS_IN!H20=TRUE,8,0)+IF(BMP2BITS_IN!H21=TRUE,16,0)+IF(BMP2BITS_IN!H22=TRUE,32,0)+IF(BMP2BITS_IN!H23=TRUE,64,0)+IF(BMP2BITS_IN!H24=TRUE,128,0))), ",") -> 0xFF, | ... BL3: =CONCATENATE("0x",(DEC2HEX(IF(BMP2BITS_IN!BL17=TRUE,1,0)+IF(BMP2BITS_IN!BL18=TRUE,2,0)+IF(BMP2BITS_IN!BL19=TRUE,4,0)+IF(BMP2BITS_IN!BL20=TRUE,8,0)+IF(BMP2BITS_IN!BL21=TRUE,16,0)+IF(BMP2BITS_IN!BL22=TRUE,32,0)+IF(BMP2BITS_IN!BL23=TRUE,64,0)+IF(BMP2BITS_IN!BL24=TRUE,128,0))), ",") -> 0xFF,
A4: =CONCATENATE("0x",(DEC2HEX(IF(BMP2BITS_IN!A25=TRUE,1,0)+IF(BMP2BITS_IN!A26=TRUE,2,0)+IF(BMP2BITS_IN!A27=TRUE,4,0)+IF(BMP2BITS_IN!A28=TRUE,8,0)+IF(BMP2BITS_IN!A29=TRUE,16,0)+IF(BMP2BITS_IN!A30=TRUE,32,0)+IF(BMP2BITS_IN!A31=TRUE,64,0)+IF(BMP2BITS_IN!A32=TRUE,128,0))), ",") -> 0xFF, | B4: =CONCATENATE("0x",(DEC2HEX(IF(BMP2BITS_IN!B25=TRUE,1,0)+IF(BMP2BITS_IN!B26=TRUE,2,0)+IF(BMP2BITS_IN!B27=TRUE,4,0)+IF(BMP2BITS_IN!B28=TRUE,8,0)+IF(BMP2BITS_IN!B29=TRUE,16,0)+IF(BMP2BITS_IN!B30=TRUE,32,0)+IF(BMP2BITS_IN!B31=TRUE,64,0)+IF(BMP2BITS_IN!B32=TRUE,128,0))), ",") -> 0xFF, | C4: =CONCATENATE("0x",(DEC2HEX(IF(BMP2BITS_IN!C25=TRUE,1,0)+IF(BMP2BITS_IN!C26=TRUE,2,0)+IF(BMP2BITS_IN!C27=TRUE,4,0)+IF(BMP2BITS_IN!C28=TRUE,8,0)+IF(BMP2BITS_IN!C29=TRUE,16,0)+IF(BMP2BITS_IN!C30=TRUE,32,0)+IF(BMP2BITS_IN!C31=TRUE,64,0)+IF(BMP2BITS_IN!C32=TRUE,128,0))), ",") -> 0xFF, | D4: =CONCATENATE("0x",(DEC2HEX(IF(BMP2BITS_IN!D25=TRUE,1,0)+IF(BMP2BITS_IN!D26=TRUE,2,0)+IF(BMP2BITS_IN!D27=TRUE,4,0)+IF(BMP2BITS_IN!D28=TRUE,8,0)+IF(BMP2BITS_IN!D29=TRUE,16,0)+IF(BMP2BITS_IN!D30=TRUE,32,0)+IF(BMP2BITS_IN!D31=TRUE,64,0)+IF(BMP2BITS_IN!D32=TRUE,128,0))), ",") -> 0xFF, | E4: =CONCATENATE("0x",(DEC2HEX(IF(BMP2BITS_IN!E25=TRUE,1,0)+IF(BMP2BITS_IN!E26=TRUE,2,0)+IF(BMP2BITS_IN!E27=TRUE,4,0)+IF(BMP2BITS_IN!E28=TRUE,8,0)+IF(BMP2BITS_IN!E29=TRUE,16,0)+IF(BMP2BITS_IN!E30=TRUE,32,0)+IF(BMP2BITS_IN!E31=TRUE,64,0)+IF(BMP2BITS_IN!E32=TRUE,128,0))), ",") -> 0xFF, | F4: =CONCATENATE("0x",(DEC2HEX(IF(BMP2BITS_IN!F25=TRUE,1,0)+IF(BMP2BITS_IN!F26=TRUE,2,0)+IF(BMP2BITS_IN!F27=TRUE,4,0)+IF(BMP2BITS_IN!F28=TRUE,8,0)+IF(BMP2BITS_IN!F29=TRUE,16,0)+IF(BMP2BITS_IN!F30=TRUE,32,0)+IF(BMP2BITS_IN!F31=TRUE,64,0)+IF(BMP2BITS_IN!F32=TRUE,128,0))), ",") -> 0xFF, | G4: =CONCATENATE("0x",(DEC2HEX(IF(BMP2BITS_IN!G25=TRUE,1,0)+IF(BMP2BITS_IN!G26=TRUE,2,0)+IF(BMP2BITS_IN!G27=TRUE,4,0)+IF(BMP2BITS_IN!G28=TRUE,8,0)+IF(BMP2BITS_IN!G29=TRUE,16,0)+IF(BMP2BITS_IN!G30=TRUE,32,0)+IF(BMP2BITS_IN!G31=TRUE,64,0)+IF(BMP2BITS_IN!G32=TRUE,128,0))), ",") -> 0xFF, | H4: =CONCATENATE("0x",(DEC2HEX(IF(BMP2BITS_IN!H25=TRUE,1,0)+IF(BMP2BITS_IN!H26=TRUE,2,0)+IF(BMP2BITS_IN!H27=TRUE,4,0)+IF(BMP2BITS_IN!H28=TRUE,8,0)+IF(BMP2BITS_IN!H29=TRUE,16,0)+IF(BMP2BITS_IN!H30=TRUE,32,0)+IF(BMP2BITS_IN!H31=TRUE,64,0)+IF(BMP2BITS_IN!H32=TRUE,128,0))), ",") -> 0xFF, | ... BL4: =CONCATENATE("0x",(DEC2HEX(IF(BMP2BITS_IN!BL25=TRUE,1,0)+IF(BMP2BITS_IN!BL26=TRUE,2,0)+IF(BMP2BITS_IN!BL27=TRUE,4,0)+IF(BMP2BITS_IN!BL28=TRUE,8,0)+IF(BMP2BITS_IN!BL29=TRUE,16,0)+IF(BMP2BITS_IN!BL30=TRUE,32,0)+IF(BMP2BITS_IN!BL31=TRUE,64,0)+IF(BMP2BITS_IN!BL32=TRUE,128,0))), ",") -> 0xFF,
A5: =CONCATENATE("0x",(DEC2HEX(IF(BMP2BITS_IN!A33=TRUE,1,0)+IF(BMP2BITS_IN!A34=TRUE,2,0)+IF(BMP2BITS_IN!A35=TRUE,4,0)+IF(BMP2BITS_IN!A36=TRUE,8,0)+IF(BMP2BITS_IN!A37=TRUE,16,0)+IF(BMP2BITS_IN!A38=TRUE,32,0)+IF(BMP2BITS_IN!A39=TRUE,64,0)+IF(BMP2BITS_IN!A40=TRUE,128,0))), ",") -> 0xFF, | B5: =CONCATENATE("0x",(DEC2HEX(IF(BMP2BITS_IN!B33=TRUE,1,0)+IF(BMP2BITS_IN!B34=TRUE,2,0)+IF(BMP2BITS_IN!B35=TRUE,4,0)+IF(BMP2BITS_IN!B36=TRUE,8,0)+IF(BMP2BITS_IN!B37=TRUE,16,0)+IF(BMP2BITS_IN!B38=TRUE,32,0)+IF(BMP2BITS_IN!B39=TRUE,64,0)+IF(BMP2BITS_IN!B40=TRUE,128,0))), ",") -> 0xFF, | C5: =CONCATENATE("0x",(DEC2HEX(IF(BMP2BITS_IN!C33=TRUE,1,0)+IF(BMP2BITS_IN!C34=TRUE,2,0)+IF(BMP2BITS_IN!C35=TRUE,4,0)+IF(BMP2BITS_IN!C36=TRUE,8,0)+IF(BMP2BITS_IN!C37=TRUE,16,0)+IF(BMP2BITS_IN!C38=TRUE,32,0)+IF(BMP2BITS_IN!C39=TRUE,64,0)+IF(BMP2BITS_IN!C40=TRUE,128,0))), ",") -> 0xFF, | D5: =CONCATENATE("0x",(DEC2HEX(IF(BMP2BITS_IN!D33=TRUE,1,0)+IF(BMP2BITS_IN!D34=TRUE,2,0)+IF(BMP2BITS_IN!D35=TRUE,4,0)+IF(BMP2BITS_IN!D36=TRUE,8,0)+IF(BMP2BITS_IN!D37=TRUE,16,0)+IF(BMP2BITS_IN!D38=TRUE,32,0)+IF(BMP2BITS_IN!D39=TRUE,64,0)+IF(BMP2BITS_IN!D40=TRUE,128,0))), ",") -> 0xFF, | E5: =CONCATENATE("0x",(DEC2HEX(IF(BMP2BITS_IN!E33=TRUE,1,0)+IF(BMP2BITS_IN!E34=TRUE,2,0)+IF(BMP2BITS_IN!E35=TRUE,4,0)+IF(BMP2BITS_IN!E36=TRUE,8,0)+IF(BMP2BITS_IN!E37=TRUE,16,0)+IF(BMP2BITS_IN!E38=TRUE,32,0)+IF(BMP2BITS_IN!E39=TRUE,64,0)+IF(BMP2BITS_IN!E40=TRUE,128,0))), ",") -> 0xFF, | F5: =CONCATENATE("0x",(DEC2HEX(IF(BMP2BITS_IN!F33=TRUE,1,0)+IF(BMP2BITS_IN!F34=TRUE,2,0)+IF(BMP2BITS_IN!F35=TRUE,4,0)+IF(BMP2BITS_IN!F36=TRUE,8,0)+IF(BMP2BITS_IN!F37=TRUE,16,0)+IF(BMP2BITS_IN!F38=TRUE,32,0)+IF(BMP2BITS_IN!F39=TRUE,64,0)+IF(BMP2BITS_IN!F40=TRUE,128,0))), ",") -> 0xFF, | G5: =CONCATENATE("0x",(DEC2HEX(IF(BMP2BITS_IN!G33=TRUE,1,0)+IF(BMP2BITS_IN!G34=TRUE,2,0)+IF(BMP2BITS_IN!G35=TRUE,4,0)+IF(BMP2BITS_IN!G36=TRUE,8,0)+IF(BMP2BITS_IN!G37=TRUE,16,0)+IF(BMP2BITS_IN!G38=TRUE,32,0)+IF(BMP2BITS_IN!G39=TRUE,64,0)+IF(BMP2BITS_IN!G40=TRUE,128,0))), ",") -> 0xFF, | H5: =CONCATENATE("0x",(DEC2HEX(IF(BMP2BITS_IN!H33=TRUE,1,0)+IF(BMP2BITS_IN!H34=TRUE,2,0)+IF(BMP2BITS_IN!H35=TRUE,4,0)+IF(BMP2BITS_IN!H36=TRUE,8,0)+IF(BMP2BITS_IN!H37=TRUE,16,0)+IF(BMP2BITS_IN!H38=TRUE,32,0)+IF(BMP2BITS_IN!H39=TRUE,64,0)+IF(BMP2BITS_IN!H40=TRUE,128,0))), ",") -> 0xFF, | ... BL5: =CONCATENATE("0x",(DEC2HEX(IF(BMP2BITS_IN!BL33=TRUE,1,0)+IF(BMP2BITS_IN!BL34=TRUE,2,0)+IF(BMP2BITS_IN!BL35=TRUE,4,0)+IF(BMP2BITS_IN!BL36=TRUE,8,0)+IF(BMP2BITS_IN!BL37=TRUE,16,0)+IF(BMP2BITS_IN!BL38=TRUE,32,0)+IF(BMP2BITS_IN!BL39=TRUE,64,0)+IF(BMP2BITS_IN!BL40=TRUE,128,0))), ",") -> 0xFF,
A6: =CONCATENATE("0x",(DEC2HEX(IF(BMP2BITS_IN!A41=TRUE,1,0)+IF(BMP2BITS_IN!A42=TRUE,2,0)+IF(BMP2BITS_IN!A43=TRUE,4,0)+IF(BMP2BITS_IN!A44=TRUE,8,0)+IF(BMP2BITS_IN!A45=TRUE,16,0)+IF(BMP2BITS_IN!A46=TRUE,32,0)+IF(BMP2BITS_IN!A47=TRUE,64,0)+IF(BMP2BITS_IN!A48=TRUE,128,0))), ",") -> 0xFF, | B6: =CONCATENATE("0x",(DEC2HEX(IF(BMP2BITS_IN!B41=TRUE,1,0)+IF(BMP2BITS_IN!B42=TRUE,2,0)+IF(BMP2BITS_IN!B43=TRUE,4,0)+IF(BMP2BITS_IN!B44=TRUE,8,0)+IF(BMP2BITS_IN!B45=TRUE,16,0)+IF(BMP2BITS_IN!B46=TRUE,32,0)+IF(BMP2BITS_IN!B47=TRUE,64,0)+IF(BMP2BITS_IN!B48=TRUE,128,0))), ",") -> 0xFF, | C6: =CONCATENATE("0x",(DEC2HEX(IF(BMP2BITS_IN!C41=TRUE,1,0)+IF(BMP2BITS_IN!C42=TRUE,2,0)+IF(BMP2BITS_IN!C43=TRUE,4,0)+IF(BMP2BITS_IN!C44=TRUE,8,0)+IF(BMP2BITS_IN!C45=TRUE,16,0)+IF(BMP2BITS_IN!C46=TRUE,32,0)+IF(BMP2BITS_IN!C47=TRUE,64,0)+IF(BMP2BITS_IN!C48=TRUE,128,0))), ",") -> 0xFF, | D6: =CONCATENATE("0x",(DEC2HEX(IF(BMP2BITS_IN!D41=TRUE,1,0)+IF(BMP2BITS_IN!D42=TRUE,2,0)+IF(BMP2BITS_IN!D43=TRUE,4,0)+IF(BMP2BITS_IN!D44=TRUE,8,0)+IF(BMP2BITS_IN!D45=TRUE,16,0)+IF(BMP2BITS_IN!D46=TRUE,32,0)+IF(BMP2BITS_IN!D47=TRUE,64,0)+IF(BMP2BITS_IN!D48=TRUE,128,0))), ",") -> 0xFF, | E6: =CONCATENATE("0x",(DEC2HEX(IF(BMP2BITS_IN!E41=TRUE,1,0)+IF(BMP2BITS_IN!E42=TRUE,2,0)+IF(BMP2BITS_IN!E43=TRUE,4,0)+IF(BMP2BITS_IN!E44=TRUE,8,0)+IF(BMP2BITS_IN!E45=TRUE,16,0)+IF(BMP2BITS_IN!E46=TRUE,32,0)+IF(BMP2BITS_IN!E47=TRUE,64,0)+IF(BMP2BITS_IN!E48=TRUE,128,0))), ",") -> 0xFF, | F6: =CONCATENATE("0x",(DEC2HEX(IF(BMP2BITS_IN!F41=TRUE,1,0)+IF(BMP2BITS_IN!F42=TRUE,2,0)+IF(BMP2BITS_IN!F43=TRUE,4,0)+IF(BMP2BITS_IN!F44=TRUE,8,0)+IF(BMP2BITS_IN!F45=TRUE,16,0)+IF(BMP2BITS_IN!F46=TRUE,32,0)+IF(BMP2BITS_IN!F47=TRUE,64,0)+IF(BMP2BITS_IN!F48=TRUE,128,0))), ",") -> 0xFF, | G6: =CONCATENATE("0x",(DEC2HEX(IF(BMP2BITS_IN!G41=TRUE,1,0)+IF(BMP2BITS_IN!G42=TRUE,2,0)+IF(BMP2BITS_IN!G43=TRUE,4,0)+IF(BMP2BITS_IN!G44=TRUE,8,0)+IF(BMP2BITS_IN!G45=TRUE,16,0)+IF(BMP2BITS_IN!G46=TRUE,32,0)+IF(BMP2BITS_IN!G47=TRUE,64,0)+IF(BMP2BITS_IN!G48=TRUE,128,0))), ",") -> 0xFF, | H6: =CONCATENATE("0x",(DEC2HEX(IF(BMP2BITS_IN!H41=TRUE,1,0)+IF(BMP2BITS_IN!H42=TRUE,2,0)+IF(BMP2BITS_IN!H43=TRUE,4,0)+IF(BMP2BITS_IN!H44=TRUE,8,0)+IF(BMP2BITS_IN!H45=TRUE,16,0)+IF(BMP2BITS_IN!H46=TRUE,32,0)+IF(BMP2BITS_IN!H47=TRUE,64,0)+IF(BMP2BITS_IN!H48=TRUE,128,0))), ",") -> 0xFF, | ... BL6: =CONCATENATE("0x",(DEC2HEX(IF(BMP2BITS_IN!BL41=TRUE,1,0)+IF(BMP2BITS_IN!BL42=TRUE,2,0)+IF(BMP2BITS_IN!BL43=TRUE,4,0)+IF(BMP2BITS_IN!BL44=TRUE,8,0)+IF(BMP2BITS_IN!BL45=TRUE,16,0)+IF(BMP2BITS_IN!BL46=TRUE,32,0)+IF(BMP2BITS_IN!BL47=TRUE,64,0)+IF(BMP2BITS_IN!BL48=TRUE,128,0))), ",") -> 0x83,

Sheet Sheet1
